example_id,customer_tweet_id,customer_message,text,intent
1,2033453,@AmazonHelp Merci. Je parle au nom de ma compagne. Elle se chargera de remplir le questionnaire dès demain.,@601264 d'accord dès réception du formulaire nous traiterons le cas. Merci ^RA,Account / Contact Support
2,1582549,"@AmazonHelp Something on the lines of ""We're working to get this back up"" seeing it since yesterday",@487109 Please connect with our support team here: https://t.co/2t6DQoUmNZ for further assistance on it. ^RW,Order Tracking / Status
3,181000,"@AmazonHelp Me piden en resumen de mi tarjeta y tampoco recibo el resumen en papel, es electrónico... Y no tengo impresora... 🙄","@158511 Dafna, por motivos de seguridad el Departamento de Cuentas necesita verificar los dados de tu cuenta. ^DA",Order Tracking / Status
4,914175,@AmazonHelp And no one is delivering before 5 days. Noticed this since a few weeks. Why the change?,@319439 I understand and I have shared your comments as feedback with the relevant team. Please refer to the link for more info. ^HA,Order Tracking / Status
5,2126723,@AmazonHelp It says delivered ready for collection at 17.20pm but I received an email at 17.58pm saying there will be a delay,@626224 Please give us a call here: https://t.co/hApLpMlfHN so we can look into this with you! ^TR,Order Tracking / Status
6,2371293,@AmazonHelp Given the  details  many times.,@503038 You should've received an email from us in response to the details you shared earlier. Kindly check for our email and reply to it for further assistance. ^NR,Late / Missing Delivery
7,400827,@AmazonHelp Done,"@210808 Thank you! We've received your message, and we'll be in contact with you. ^JM",Delivery Date / Shipping
8,2847282,@AmazonHelp No I didn't,@791889 Mhm that is strange! When you checked for the e-mail did you also check the spam/Junk folder? ^LS,Return / Refund
9,2981913,@AmazonHelp お手数おかけして申し訳ありませんが、公式からのお返事にとても安心いたしました。ありがとうございます！,@822437 わざわざリプライ恐れ入ります。当サイトの名をかたるフィッシング行為についてヘルプページでも注意喚起を行っておりますので、ご参照ください。https://t.co/k4jy2iTq1Y  RI,Return / Refund
10,639433,"@AmazonHelp Bonsoir, oui c'est ma première commande sur le site",@271684 Avez-vous signalé cela à notre SAV ? ^MA,Product / Device Support
11,920910,@115830 @AmazonHelp What's going on Amazon?,"@227946 I'm sorry to hear this! When you have a chance, we'd like to look into it further with you here: https://t.co/JzP7hlRCV9^HC",Account / Contact Support
12,1188500,"@AmazonHelp ha! Awesome, keep up your 'spirit' (as a product category). Then @115850 would be a perfect place to by both: spirit &amp; 'chakna' 😅😀",@399487 Amen to that! Thanks for sharing your experience with us. ^MJ,Account / Contact Support
13,729203,"@AmazonHelp So i asked for a refund and they said ok that should be it sorted within 4-5 days, but i have no email from amazon",@294659 Please contact us via phone or chat and we'll look into this for you: https://t.co/JzP7hlA23B ^RL,Account / Contact Support
14,973636,"@AmazonHelp what I will do with email, provide me the number of courier boy who is going or suppose to deliver my product.",@345560 We'll not be able to check your information over Twitter. Request you to write back to the email you've (1/2) ^GK,Account / Contact Support
15,2774121,@AmazonHelp Oui Il faut attendre la semaine d’après à chaque fois. Mais bon ça reste un bon jeu.,"@775307 Je confirme 😜 Surtout avec le nouveau clavier, je pense que ça va être chaud. ^SB",Product / Device Support
16,382770,"@AmazonHelp It says expected yesterday, another says already delivered. I have none of these items.","@206722 We'd like to look further into this with you in real-time, Julian. Please reach out to us here: https://t.co/JzP7hlA23B ^WJ",Damaged / Defective Product
17,77465,"@AmazonHelp package was supposed to arrive last night. Now says don't contact until Saturday, but tracking info hasn't updated in 2 days. Anything you can do or help with? Even an eta?","@133254 I'm sorry to hear of this, did you get an email advising why it was delayed? ^KI",Delivery Date / Shipping
18,447153,"@115830 @AmazonHelp 12 days since placing my order and no delivery, meant to be delivered last Friday, didn't arrive, tracking then said sorry will be delivered by today, today still no package. What is going on?",@220927 I'm sorry about this your parcel hasn't arrived! We want to be sure you are receiving your parcels when they are expected. Please reach out to us directly here so that we can take a look into this for you: https://t.co/JzP7hlA23B We'd like to help! ^ZW,Late / Missing Delivery
19,421517,"@AmazonHelp Replacement option is not there, only refund and I want a replacement,pls create the same4me",@215430 Sorry for the trouble. Please connect with our support team here: https://t.co/00q4Sqj9zL and we'll this checked. ^KA,Late / Missing Delivery
20,905268,@AmazonHelp Euh c amazon qui ma livre,@334911 avez-vous signalé cela auprès de notre SAV ? ^ Ko,Order Tracking / Status
21,2187385,"@AmazonHelp I do appreciate the attention to the matter, but $10 isn't the fix I needed. I am looking for assurance they can actually drop items at door",@236120 Sorry about this. Please fill out this secure form and a specialist will look into this for you https://t.co/R55eEQwSEs ^KM,Order Tracking / Status
22,2732838,@AmazonHelp  https://t.co/ZXU0lSqUim,"@315813 Hi, sorry to hear that your parcel was delayed. Please let us know if your order does not arrive on your revised delivery date of Wednesday. ^TI",Order Tracking / Status
23,2449368,"@AmazonHelp Feel free to reach out to me but don't say that u 'get' my disappointment. Coz u don't. Period.
#shameonamazon",@120092 I understand there has been an inconvenience in your concern. We have your details and will contact you soon. ^GK,Order Tracking / Status
24,1384119,@AmazonHelp I haven’t had a phone call conversation about this,"@145872 As they have account access, they would be in the best position to assist. Please contact us through the previously provided link. ^RR",Order Tracking / Status
25,1310110,"@AmazonHelp Ok, werde ich gleich tun!","@272341 Sobald uns deine Anfrage erreicht hat, sehen wir uns deinen Fall an und melden uns im Laufe des Tages. Viele Grüße ^TR",Order Tracking / Status
26,637346,@AmazonHelp Sure. and its Tania.,"@271121 We'd love to assist you! Please reach out to us here:  https://t.co/hApLpMlfHN
^GP",Order Tracking / Status
27,1319918,@AmazonHelp My concern is that something which costs £65 is listed as Rs. 30000 on your site. Just want to know who should be looking into this?,@428207 Let us look into it. Please reach out to us from the link here: https://t.co/TxK11znixD  and we will assist you accordingly. ^HR,Order Tracking / Status
28,21518,@AmazonHelp I've contacted my bank as you asked to do so in email but my bank said Amazon need to raise complain,@120700 Sorry that the issue is still pending. May I know if you've contacted your bank &amp; filed a charge dispute? ^EM,Order Tracking / Status
29,1050711,@AmazonHelp I've tried Chrome &amp; IE but the same issue exists :( I've also reinstalled the app but whenever I click on checkout it comes up with this https://t.co/0S8QJH40QH,@368302 Can you contact us here: https://t.co/JzP7hlA23B? ^MC,Order Tracking / Status
30,1574459,"@AmazonHelp もう開封してしまったので、大丈夫です。
わざわざご丁寧にありがとうございます。
次からはこのような事がないよう、お願いいたします。",@485227 ご寛大なお言葉をいただきありがとうございます。このたびご迷惑をおかけしたことを真摯に受け止め、今後のサービス改善に努めて参ります。　リプライありがとうございました。　SM,Order Tracking / Status
31,1768968,@AmazonHelp Today is the 7th of October and the expected date has been repeatedly pushed back. Please can I get some help https://t.co/JaCyZemmWF,@531840 I apologize for the delay. Let's look into this in real time. Please call or chat here: https://t.co/IcrqzPZII9 ^BA,Late / Missing Delivery
32,1072178,@AmazonHelp This isn’t a return. This is a same day shipment that obviously isn’t coming same day.,@157633 We can be reached 24/7 with the link posted earlier. We can take a closer look at the missing order &amp; into avail options. ^EP,Order Tracking / Status
33,1868782,@AmazonHelp Not helping! Let it be..,"@558209 I'm sorry, it didn't work out. Your feedback has already been forwarded to the concerned team for review. ^HA",Order Tracking / Status
34,49983,@AmazonHelp Nice #escape after 1 month u people saying d attached letter is not valid. Spoke with brand Mi call center also.,@127186 We've sent the correspondence to your registered email ID. Kindly check it here: https://t.co/8DAc10S7ww ^GK,Order Tracking / Status
35,360243,@AmazonHelp Done,@201315 Thanks for the update. We'll check and get back to you at the earliest. ^HA,Order Tracking / Status
36,701326,@AmazonHelp They were supposed to be delivered by today bt there r still no updates,"@287420 I understand your concern. However, did you happen to report this to our support team? ^MN",Order Tracking / Status
37,2308348,@AmazonHelp Please check it again,@669577 I have checked our records and I see that we have received your details now. Our team is working on it and we'll get back to you at the earliest. ^RI,Order Tracking / Status
38,1430369,"@AmazonHelp This is the third time I am actually reaching out to Amazon care, and trust me I have reasons to be wary. Please don't let me down this time",@452178 We'd be sure to investigate the issue completely and ensure these instances do not recur. Appreciate your understanding. ^ZH,Order Tracking / Status
39,1373191,@AmazonHelp Yes multiple times! No one can seem to locate them :/,@439603 Oh no! Who was the carrier of the packages? https://t.co/Y5jpI9gRhE ^RM,Order Tracking / Status
40,529051,@AmazonHelp this assurity is given by your customer service team from 5 days......and I have no info. about my money.....I hope for a speedy resolution #cheaters #AmazonIndia #JEFFBEZOS,@242503 I get your disappointment. We'll work on it and get back to you at the earliest with regards to your concern. ^JS,Order Tracking / Status
41,1305183,@AmazonHelp Why/How can Prime “guarantee” delivery and be late 2 days? This is happening more frequently.,@424985 Oh no! Will you clarify the delivery date given at check out? You can find that here: https://t.co/Y5jpI9gRhE?  ^BA,Return / Refund
42,1034257,"@AmazonHelp I had accidentally ordered a wrong item, only getting to know after delivery and payment. No option for refunds!? WHY?",@364675 Please report this to our team here: https://t.co/vlvfJr4nN9 and we'll get this sorted soon. ^RS,Delivery Date / Shipping
43,1516085,"@AmazonHelp I got it through the Amazon now app and I'm unable to help you out with a link for the same. Sorry bot, human intervention needed!",@471751 I've noted this down and will surely forward this as a feedback internally and make sure this is worked upon in the future.^SS,Late / Missing Delivery
44,650079,"@AmazonHelp Hi, my parcel should have arrived on 22nd Nov, and now i check on my tracking number, it was delayed till 12th Dec ; __ ;",@274548 I am very sorry to hear this. Delays are rare but do occur on occasions. Please do keep us updated on the arrival.^CR,Late / Missing Delivery
45,397397,@AmazonHelp @115850 @115851 #Day54 #Complaint Unresolved #Amazon #fraud By delivery man. Bad #CustomerExperience,@210098 The resolution provided to you via email is the best. Appreciate your understanding. ^AP,Order Tracking / Status
46,1600140,"@115850 when will this Order be delivered ? Order date 25-Oct-2017
Order #407-3727329-4237126 @AmazonHelp @115821","@491340 Also, please don’t provide your order/account details as we consider them to be personal information. 2/3 ^SB",Damaged / Defective Product
47,2367918,@AmazonHelp Wtf https://t.co/JhWNx9WWMv,@683414 Er... Sorry about that. What does the tracking for the order say here: https://t.co/Y5jpI9gRhE? ^TR,Product / Device Support
48,1759077,"@AmazonHelp Thanks for checking in :)
It's order 111-8373083-5386646 specifically; seems to be no way to release it neither from Amazon nor from FedEx","@529494 We'd like to look into this with you. When you can, please reach us via phone or chat here: https://t.co/CYqkdUakWJ ^SJ",Damaged / Defective Product
49,140009,@AmazonHelp Thanks again. I'm just a bit confused as the item is in stock so not sure why it wouldn't be available for shipment. I haven't received an update as of yet. Hopefully will hear something soon. Thanks,"@147586 You're welcome, if you need anything else then please don't hesitate to let us know. ^KI",Late / Missing Delivery
50,2273312,"@AmazonHelp If it can't be resolved, i will have to unsubscribe from prime.. Unnecessarily paying for this..","@661277 I understand your disappointment. However, as the content is geo-restricted, you'll not be able to access the prime video content in Singapore. ^AP",Delivery Date / Shipping
51,2870735,@AmazonHelp It’s amazon’s in house delivery service (AMZN_US),"@797127 We'd like to bring this to the attention of our Logistics team for further review. When you have a moment, please relay order specifics to us via the following secure link, and we'll be in touch: https://t.co/W7BgDBeee5 ^MV",Late / Missing Delivery
52,1386467,"@AmazonHelp hey um, i didnt order this https://t.co/IkpU1RHsyp","@442621 I apologize! To clarify, did you receive the wrong item, or did you randomly receive something you didn't order? ^NC",Late / Missing Delivery
53,149146,@AmazonHelp Quatro livros da Elena Ferrante e o segundo volume dos 'Romances de Patrick Melrose',"@149982 Gabriella, você sabe qual desses livros vai ler primeiro?. Ficamos curiosos. 🤔📚^NB",Return / Refund
54,2098724,@AmazonHelp Cool but my question is why would it be delayed though? It was in transit today &amp; then a delay all of a sudden....,@373139 Have you tried checking the tracking on the carrier's website? They may have additional info. ^JA,Account / Contact Support
55,219569,"@AmazonHelp @115851 if you are talking about this mail(check pick), then please read the reply as well. apart from this I didn't receive any comm. https://t.co/Vohoj2FqQH",@168355 Sorry for the confusion. Could you confirm if you've replied to the email you've recieved from our team? ^MM,Product / Device Support
56,911582,@AmazonHelp Dont Paste Given Link bcoz its Link not working.. It is your responsibility to delivery products on time.,@293797 Kindly wait until the estimated delivery date. I'm positive the product will be delivered on time. Do keep us posted. ^AK,Damaged / Defective Product
57,152002,"@AmazonHelp Yes I have, did it yesterday. Please look into it and ensure the order is delivered by Monday.",@150734 Kindly wait until the estimated delivery date mentioned here: https://t.co/pYHdlcj0Ot and I'm positive your order will be delivered. ^SH,Return / Refund
58,2269180,@AmazonHelp I have not received,"@647618 That's strange, Varun. If you've responded to the email correspondence, you will receive an update shortly. Request you to wait. If you still don't receive any correspondence, please get back to us so that we will assist you.  ^NK",Delivery Date / Shipping
59,916548,@AmazonHelp  please appreciate if it could be re posted for consumer awareness and buyer protection,@336911 it would not be posted. (2/2) ^KA,Account / Contact Support
60,2876356,@AmazonHelp Into why packages can’t be delivered on time? I would hope so. It’s kinda the whole point of Amazon.,"@627410 Hi Mike, please submit your details in this secure form so that we can look into it further: https://t.co/R55eEQwSEs -Agi T",Product / Device Support
61,2288233,@AmazonHelp ????????? https://t.co/RqgNzxiqk0,@664790 I'm sorry for the account issues! Please reach out here: https://t.co/FGTMFSd8Rn so we can take a look into this for you. ^AH,Account / Contact Support
62,2366251,@AmazonHelp So why you have charged 1st hand products I want to say to all customers don't purchase any item from Amazon,@683076 Certainly not the kind of experience we'd want you to have. I'd like to take a closer look at this. Please share your details here: https://t.co/beaaDm0muc and I’ll contact you soon. ^SM,Product / Device Support
63,318816,@AmazonHelp @115850 over 20 times. I have been talking to them more than my bae. But no result. #utterincompetence,"@192058 Sorry about the stretch, please drop in your details here: https://t.co/GIJyeYqKE0 and we'll reach out to you. ^MS",Account / Contact Support
64,1432321,@AmazonHelp Filled the form already but I needed phone urgently as I going out of station tmrw 2pm but considering ur service I have no expectation now.,"@452590 As you've shared your details, we'll work on it and get back to you at the earliest. ^HN",Account / Contact Support
65,530845,@AmazonHelp Merci bien ! 😘,@242948 Je vous en prie :) Passez un bon week-end😊,Late / Missing Delivery
66,2184723,@AmazonHelp Tout est ok mais c est pas la 1ere fois que sa arrive,"@639881 Avez-vous également signalé ces incidents à notre SAV ? 
^KE",Order Tracking / Status
67,446137,@AmazonHelp I already checked tracking. It hasn't been updated since early yesterday. I just want to make sure it will arrive by tomorrow.,"@164002 I understand, but unfortunately we do not have access to your account or details via Twitter. We'd still like to help! Just to clarify, can you tell us what the current order status is showing here: https://t.co/Y5jpI9gRhE ^SC",Return / Refund
68,169491,@AmazonHelp Amazon me piden los ultimos 4 numeros de mi tarjeta en estado de cuenta pueden darme un ejemplo??,@155474 Se refiere a que escribas en el documento del estado de cuenta los últimos 4 dígitos del número que aparece en la parte frontal de tu tarjeta ^AR,Delivery Date / Shipping
69,232843,"@AmazonHelp 
When will you guys add moto g5s plus for an mobile exchange . Please add it too soon .","@171427 hence is dynamic. However, I'll share your comments as feedback internally. 2/2^EM",Late / Missing Delivery
70,379359,@AmazonHelp 今朝注文したもののクレジット払いの決済がまだされないのですが待ってればされますか？,@204354 クレジットカードでご注文いただいた場合、商品の発送時にご請求いたします。自動的に行われますので、発送までお待ちください。 EK,Return / Refund
71,2383443,"@AmazonHelp I have tried on multiple computers, ip addresses and browsers. Chrome, edge, firefox. No adblock, no antivirus.",@687045 We would like to have a look at this issue. Please provide your details: https://t.co/MBAcWSvzBH Kind regards ^TR,Return / Refund
72,900903,"@AmazonHelp I apologize for language, but I've never had a bad experience with Amazon before, so I was taken back by his responses and attitude.","@333862 (1/2) I understand how hurt and frustrating this must feel. At the end of the chat, you should have been able to leave feedback.",Delivery Date / Shipping
73,1327051,"@AmazonHelp No I haven't, details of the packages were sent in a direct message, I really don't have time for all this, why can't you just arrange collection via dm",@155862 We're unable to view account or order details via Twitter to arrange a collection. Please contact us via the link ^CN had provided. ^AD,Order Tracking / Status
74,1326957,@AmazonHelp Só se aplicam em quadrinhos em promoção relâmpago? Desde já agradeço pela compreensão,@144472 Por gentileza entre em contato com o nosso Serviço de Atendimento no seguinte link Scott: https://t.co/ouAOLcNWp4 ^JJ,Product / Device Support
75,2598526,"@AmazonHelp  i have got this message "" Congratz! Rs.5000 has been credited to your Amazon Pay Balance wallet. Valid till Midnight 11: 59 PM. https://t.co/IEiX0pvA4e""
Is it hoax ??","@327655 The e-mail/ survey/communication you received wasn't from Amazon.in. We recommend that you delete the e-mail/ do not respond. For your protection, do not respond to it, and do not open any attachments or click any links it contains. ^SH",Return / Refund
76,689504,"@AmazonHelp So I can order something from. Here in the UK, and ask for it to be sent to my cousin in India.
What are the restrictions please.",@255941 You can read more on potential delivery restrictions via our help page: https://t.co/0ZCM8LsDAJ ^KI,Return / Refund
77,1610960,@AmazonHelp Vendido y gestionado por Amazon.,"@494483 Entiendo, por favor contactanos a través de este enlace para brindarte más información: https://t.co/OjvUxwnzPe . ^MB",Delivery Date / Shipping
78,661422,"@AmazonHelp The original order was supposed to be delivered by 11/18. The replacement order by today or tomorrow the latest. When I got off the phone, I was told hopefully by Friday. Friday is after thanksgiving. It doesn’t help me by Friday!",@277598 I'm so sorry for the trouble! Please contact us here for additional options: https://t.co/hApLpMlfHN ^MO,Product / Device Support
79,1641368,@AmazonHelp Yes it is. In fact a new update just came out and I updated before trying to resume.,@501789 We'd like a chance to look into this in real-time! Please reach out to us via chat or phone here: https://t.co/hApLpMlfHN ^WT,Late / Missing Delivery
80,2543883,"@AmazonHelp Apparently, a bin is an acceptable location for delivery","@129257 For future deliveries, you can set unattended delivery preferences with us: https://t.co/tagfgnIjMt. Please let us know if you still need us. We're here for you! ^KJ",Order Tracking / Status
81,727805,"@AmazonHelp Pushed out the delivery date from by the 5th to by the 20th, on the 27th I requested my refund in good faith. I am waiting.",@294361 Were you emailed to advise the refund was requested?^CD,Late / Missing Delivery
82,9819,@AmazonHelp if thats the case because if I pay for overnight shipping/delivery i expect to get what I paid for.,"@117801 (2/2) If we’ve missed the date in our order confirmation e-mail, please let us know here: https://t.co/hApLpMlfHN! ^WT",Delivery Date / Shipping
83,1680365,@AmazonHelp Ordered 9 products but,@393065 and we'll assist you accordingly. ^SU(3/3),Return / Refund
84,1026972,@AmazonHelp Carrier is AMZL,@363009 We'd like to look into this. Send us more details about this order here: https://t.co/9Kx9wleaeW ^CL,Damaged / Defective Product
85,1025984,@AmazonHelp By amazon..,@362766 Contact our customer service here: https://t.co/tzC7rdtO2F; my colleagues will be pleased to assist you. ^ST,Product / Device Support
86,24537,@AmazonHelp Yes,@121290 Kindly contact our team here: https://t.co/vlvfJr4nN9 and we'll have this checked. ^GK,Account / Contact Support
87,537568,@AmazonHelp Send I hope I will get any reply... as I m being fooled from 29th November,@133051 Thanks a bunch for dropping your details. We shall reach at the earliest to make things right for you. ^CB,Order Tracking / Status
88,2310822,@AmazonHelp my order was supposed to be here with Amazon Prime by 9 p.m. on Nov 11th. Tracking had it on track and claimed it would be delivered on time. At what point do I get concerned that I still do not have my package?,@670189 I'm sorry your package hasn't shown! Who was the carrier for this order? That information can be found here: https://t.co/Y5jpI9gRhE ^QJ,Late / Missing Delivery
89,1477276,"@AmazonHelp There's an anomalous order on my order history - spoke to someone on chat about it last week, still not fixed :(",@182725 What information or options were provided when you spoke to us? We'd like to help get this resolved. ^ZW,Return / Refund
90,248699,"@AmazonHelp Stop this bullshit !!! I have got a thread full of these messages by you, and despite contacting you guys I didn't get any response",@175082 Sorry for the hassle. Please share your details here: https://t.co/GIJyeY99fq and I'll get back to you. ^HN,Delivery Date / Shipping
91,232134,"@AmazonHelp My id is __email__

From this id i booked a product but i not got still refund .plzz check",@171265 your order/account details as we consider them to be personal information. Our Twitter page is visible to public. ^PB (2/2),Delivery Date / Shipping
92,294839,"@AmazonHelp ORDER # 402-5432279-0949158 is not delivered to me. I asked for A-z claim, CS denied with full arrogant reply. Pls follow Amazon IN facebook",@186218 Please don't provide your order details as we consider it personal information. Our twitter page is visible to public.(2/2) ^CB,Delivery Date / Shipping
93,1620647,"@AmazonHelp Sold and fulfilled by Amazon, which is quite surprising! Currently on chat trying to get it sorted...","@496690 Thank you for confirming, Ben! Please keep us posted on how the chat goes. We're here for you! ^FD",Return / Refund
94,2542887,@AmazonHelp  https://t.co/c2P1TIlv66,@722948 Apologies for the delivery of the defective product. I’d like to help you. Please share your details here: https://t.co/beaaDm0muc and we’ll contact you soon. ^JS,Delivery Date / Shipping
95,360692,@AmazonHelp Is not for helping but its just for making u fool and wasting ur time. @115850 @115821 So its time to stop using Amazon 😏,@190898 That's quite a remark. Could you please tell us what went wrong so we can help you?,Delivery Date / Shipping
96,237246,@AmazonHelp really frustrated and disappointed guys.. Why u guys aren't uploading this is us season 2 inspite of having the rights of it,@172502 Could you please specify which show are you concerned about? ^HR,Delivery Date / Shipping
97,1131208,"@AmazonHelp Yep..this is all the info I have but the ""view options"" link doesn't bring anything up https://t.co/y49q9oX0Bu","@386592 Let's look into available options together, Sam! Please reach us by phone or chat here: https://t.co/JzP7hlA23B ^AB",Return / Refund
98,227346,@AmazonHelp thank you!,@170230 No problem - let us know if you have any further issues ^TD,Return / Refund
99,1389991,@AmazonHelp Wht is d process for consumer complaint. Ur chat executive now asking me to wait for 72 hours.while my order supposed to delivered me by 2dy,@442795 We've received your details and will get back to you with an update at the earliest. ^AU,Return / Refund
100,755097,@AmazonHelp Para nada,@299660 Comprendo. ¿Qué opciones te indicaron nuestros compañeros de Soporte al Cliente? ^DA,Damaged / Defective Product
101,843358,"@AmazonHelp Que majos sois jajaja, un placer! 🤗","@320551 El placer de tenerte como cliente es todo nuestro ❤️. Cuéntanos, ¿qué compraste? ^AZ https://t.co/OEnFyXGg0F",Damaged / Defective Product
102,1477255,"@AmazonHelp Aaaaand I just called again. And again the tier 1 rep refused to transfer me, vehemently claiming that she was taught she needs to write down my number and someone will call me back tomorrow.",@463004 I'm sorry for any inconvenience. Could you tell us more about the issue at hand? ^GM,Damaged / Defective Product
103,852782,@AmazonHelp App und iPad wurden haben einen Neustart. Problem bleibt.,@322582 Dann melde dich bitte mal bei unseren Kollegen: https://t.co/MBAcWSvzBH  ^SK,Product / Device Support
104,2449427,@AmazonHelp nope. Not my orders. Not purchased from my wishlist. Hence the creepy!,@702037 Please reach out to us using the link provided and we'll be glad to investigate this further: https://t.co/hApLpMlfHN ^FJ,Product / Device Support
105,1008499,@AmazonHelp My item was damaged during shipping because it was mailed in a bubble envelope. How will you help me?,@358641 So sorry your order was damaged! Let's see what additional options we have to get this sorted here: https://t.co/Zm7a791vFm ^JZ,Damaged / Defective Product
106,300524,@AmazonHelp What do you mean domain? That means so many things to me loool,"@187653 When asking which domain, we are referring to which site you used to purchase. Such as, .com, .co.uk., .ca ^AG",Account / Contact Support
107,317937,"@AmazonHelp I gave Amazon my invoice of my products they lost along with everything else they ask for. I spoke to people Philippines, S. Africa, C. Rica","@191865 We'd like to have a specialist look into this, please send us more details here: https://t.co/VhAZAd1agL^CO",Product / Device Support
108,2378953,@AmazonHelp I have fill details on fraud Amazon as per given link,@683076 We've received your details and we'll reach out to you soon. ^GK,Account / Contact Support
109,1492691,"@AmazonHelp Are you kidding!!!! i have shared screen shot itself this will be 3rd time i am fiłling this form ,",@329208 I've just checked and we've received your details. Please allow us some time and we'll reach out to you. ^KA,Late / Missing Delivery
110,651415,@AmazonHelp 3 deliveries. Address changed right after order. Order 1 arrives yesterday at the new address and order 2 gets pushed for same post code.,@274935 here: https://t.co/2t6DQoUmNZ we'll reach out to you soon. 2/2^AP,Late / Missing Delivery
111,2911638,"@AmazonHelp C'est un incident de votre côté aussi du coup ? Parce que ça ressemble à quelque chose de ""normal"" si j'en crois l'affichage du site.
Je n'en ai pas encore parlé au service client.","@806019 En effet, en cas d'absence le colis peut être remis à votre entourage afin que vous le receviez plus rapidement, vous trouverez cette information mentionnée ici : https://t.co/g4IQwmWkZd.
^KE",Order Tracking / Status
112,1127962,@AmazonHelp The DPD driver couldn't get into my building so I have arranged to collect it but it will not be available until tomorrow,@385929 Have you reached out to the carrier directly? ^RS,Return / Refund
113,2102657,"@AmazonHelp Otherwise replace my phone and refund my money 
Thanking you. https://t.co/WfYKEEkVu7","@281472 Please don't provide your details, as we consider it to be personal information. Our Twitter page is visible to the public. ^AM",Delivery Date / Shipping
114,975706,@AmazonHelp Oui!,@351390 Quand est-ce que l'enquête a été ouverte? ^SM,Delivery Date / Shipping
115,2049068,@AmazonHelp Hello ! I ordered a book on buddhism and you have sent me one on communalism and now your site is not accepting a return. Can you help ?,"@442784 Hey, sorry to hear. When did you purchase the book? Was the book purchased via a seller or from Amazon directly? ^TP",Return / Refund
116,67500,@AmazonHelp Yes a few times.,@131416 What was advised?^CN,Product / Device Support
117,2230315,"@AmazonHelp Yes I got an email about it, it said to ring a number in order to gain access to the account again and then redo all addresses and payment details etc, but the number the email gave states that amazon don’t use this number or anymore or something similar when I ring. Thankyou","@650856 Thanks for clarifying, Scott! Please share the number w/ us given in the email so we can review upon contacting us here: https://t.co/zYVX1Qi29G so we can help review your best options. ^TM",Return / Refund
118,539809,@AmazonHelp Yes I have filled all relevant details.....,"@245190 I'm sorry, seems like we haven't received your details yet. Kindly drop in your information again through the link provided earlier and we'll reach out to you at the earliest. Appreciate your understanding. ^EM",Return / Refund
119,2236498,When @AmazonHelp @115821 sends you a picture to prove they delivered your package and it’s a picture of someone else’s house. Way to go. Where is my package??,@652213 We'd like to look into this for you. Please send us your information and additional details at: https://t.co/2qEWRIIxHY ^LI,Return / Refund
120,13926,@AmazonHelp Nothing on my order on your web site.,"@118925 Late order usually arrive the next business day. If your order hasn't arrived by 8:00 PM tomorrow, please let us know. ^LR",Return / Refund
121,309936,"@AmazonHelp When it's mentioned an amount in lightning deal, on check out it mentions something else. when I go back , it shows again the discount",@189994 you add the item to your cart from the product detail page.A timer will show how long you have to claim the discount. 2/2^EM,Delivery Date / Shipping
122,1773972,@AmazonHelp All of the options were explored and still no package. It’s been 36 hours. What should I️ do now?,"@533146 We're still here for you! Please, reach us via phone/chat to explore options together: https://t.co/hApLpMlfHN ^JE",Delivery Date / Shipping
123,1116967,@AmazonHelp Reported and you people had said that we cannot do anything with that and they asked me to contact the cloudtail directly,@183303 Amazon is a marketplace for sellers and buyers. All After sales services (warranty and repairs) are handled (2/3) ^VM,Late / Missing Delivery
124,790570,@115850 @AmazonHelp hy there is lot of differencen cloth f socks.plz send m.original socks. https://t.co/fSJgbyxwKJ,@233041 Please don’t provide your order details as it is personal information. Our page is visible to the public.2/2^HN,Order Tracking / Status
125,1698740,@AmazonHelp Thank you,@515222 You're welcome! Please let us know if we may further assist.  We're here to help where we can. ^KL,Order Tracking / Status
126,1562018,"@AmazonHelp Le dernier livre de B.Sanderson The Stormlight Archive 3. Un bon gros pavé de fantasy en VO, mais je ne pouvais pas attendre 1 an la VF !!!","@482501 Je n'en ai jamais entendu parlé 😶 Me conseillez-vous de le lire ? 
^ARC",Order Tracking / Status
127,2884201,@AmazonHelp Your site must poll usps less frequently because you still say “by” end of the week. Manually running usps tracking on their site shows “out for delivery”,"@174500 Thanks for letting us know, Ron. Keep us posted if your order does not arrive today as per the tracking.^TI",Late / Missing Delivery
128,2611666,@AmazonHelp It was in the app. Presuming it was .co.uk.,@738484 We'd like to look into this with you but we're not able to access your membership details from Twitter. Please contact us via phone or chat here: https://t.co/JzP7hlA23B ^KH,Delivery Date / Shipping
129,2928428,Let’s see how good @AmazonHelp is. Fuck calling customer service,"@810149 Oh no! Have you had a customer service issue? Without giving account details, please tell us more about your situation. We'd love to help. ^BE",Damaged / Defective Product
130,1568193,@AmazonHelp Eine Bestellbestätigung mit Lieferdatum? Ja,"@483870 Meld dich doch einfach mal direkt bei uns, im Amazon.de Social Media Team, und wir schauen uns das an: https://t.co/br7bhrlJn8 ^DW",Account / Contact Support
131,2641717,@AmazonHelp - why doesn't my prime acct allow for ups returns picked up at my home anymore? Now I have to drop at post office?,"@745480 I'm sorry for the troubles! You can view the info about return shipping here: https://t.co/qY0XsAzwpU
Hope this helps! ^LL",Product / Device Support
132,388015,"@AmazonHelp Just for this giltch, you make be waited for almost 10 days. I want to applause for you 👏👏","@192640 Sorry for the delay. However, the glitch has been rectified. Thank you once again for bringing this to our notice. ^PR",Product / Device Support
133,1712552,@AmazonHelp ご連絡いただき恐縮です。,@518718 とんでもないことでございます。今後も万が一ご不安なことがございましたら、ご遠慮なくお知らせください。 YM,Product / Device Support
134,2318958,@AmazonHelp Hum... Did you read my tweets? This is about a book I published through KDP. Not an order I placed on the Amazon store. Forget it... Way to underline my point though.,"@672192 What Amazon website do you have your book on? UK, US, FR etc ^MC",Damaged / Defective Product
135,1651559,@AmazonHelp Your courier team is worst #AmazonIndia,@504352 We have made a note of your comments and shared them internally. We will certainly work on it to improve your shopping experience. ^CB,Damaged / Defective Product
136,528254,"@AmazonHelp Not arriving, being marked as delivered when not, short items, delivering to a commercial property after being told it’s hours. Getting generic robot email returns to my complaints.... should I go on?",@242299 Sorry to hear that. Can I ask if you've reported these issues to us so that we could look in to it?^TI,Return / Refund
137,888378,@AmazonHelp This order was placed on the Thursday so I expect it would have been very quiet then actually. The delivery says it was attempted yesterday and today but it hasn’t been as I took a day off work to be home for it. It now says it will be redelivered Monday... when I’m back at work,"@151164 Apologies, do you have unattended delivery preferences set on your account: https://t.co/EhJSNJJuZb? ^JJ",Delivery Date / Shipping
138,1002199,@amazonhelp - Amazon delivery screwed up -  lies about chat request &amp; delivery time to UPS Store  - I want my product - see history https://t.co/E2BQjTj0qJ,"@357234 I'd like for a member of my team to personally address this. Please, provide details here: https://t.co/LcyklqNTYe ^JE",Delivery Date / Shipping
139,2254411,@AmazonHelp Phone and chat executive are saying we can not help you. Where should I go. Please help me.,"@413729 I'm sorry to hear that, Hemant. Please fill this form: https://t.co/beaaDm0muc and We’ll contact you soon. ^BA",Delivery Date / Shipping
140,2502008,"@AmazonHelp I've elaborated quite a few times. If you had checked your mail box, you'd have known.",@441968 Apologies for the ordeal. Please fill this form: https://t.co/beaaDm0muc and we’ll check and reach out to you soon. ^SS,Delivery Date / Shipping
141,2677390,"@AmazonHelp @130687 hasta mas tarde....pero dicen que no pueden, que lo entregaran entonces jueves. yo jueves ya no lo quiero, no voy a recepcionar paquete",@753510 2/2 Puedes contactarlos mediante este enlace: https://t.co/OjvUxwnzPe. ^DA,Late / Missing Delivery
142,463382,@AmazonHelp been on the phone for 40 minutes and the gold music just went dark. You and alexa have both abandoned me tonight.,"@225145 We are still here for you! Without giving any personal/account info, can you please tell us a little about the issue you are facing? ^BA",Order Tracking / Status
143,343775,@AmazonHelp why are you going to charge me $5 to return a gift of which I received a duplicate item because it wasn’t marked as purchased?,@163715 Oh no! Use these steps to create a pre-paid return label: https://t.co/tv0MHd6rQy Let us know if you have further questions! ^KN,Order Tracking / Status
144,2335813,@AmazonHelp I am reverting them back from yesterday but they doing is making false promises hate your site seriously @115850,@206718 we have happened to miss the estimated delivery date? 2/2 ^SB,Late / Missing Delivery
145,37635,"@AmazonHelp Yes I have; i'd expect the delivery note to match courier actions, otherwise what is the point?",@124169 Please provide your phone number w/ us here: https://t.co/OW4c4eicZd &amp; select the 'Call me now' option to connect w/ an agent. ^KP,Order Tracking / Status
146,2621048,Hey @132988 si je paie un abonnement premium @AmazonHelp ce n'est pas pour retrouver mes colis dans cet état.. 😤😤 https://t.co/GQi7NE0gMz,"@283957 Bonjour, désolée pour cela 😓 Quel est le transporteur de votre colis je vous prie ? ^MA",Late / Missing Delivery
147,43740,@AmazonHelp I have already shared my details few days back but you guys were also incapable to resolve my issue,@125706 You should've received an email in response to the details you shared earlier from the social media team. Kindly reply to it for further queries and we'll assist you. ^NR,Delivery Date / Shipping
148,493255,"@AmazonHelp Trusting amazon to deliver the product was biggest mistake, what if Amazon uses it for promoting other fraudulent activities?
@115850 @115821 @132994 @139570 @15316","@232597 I get your disappointment, Anurag. We have responded to your query here: https://t.co/vjZJ2zABIF. Request you to check. ^NK",Delivery Date / Shipping
149,833617,@AmazonHelp I've worked out what's happening. I have my amazon account tied to another under Prime Household. I can't download but the other can - why?,"@318514 Hi Dan, do you have your payment methods shared on the accounts? -Agi",Return / Refund
150,629610,@AmazonHelp none of link provided is working....,"@269147 That's strange, allow us to take a closer look on this by sharing your details here: https://t.co/cllwXc2HeK. As soon as we receive the details, we'll check and reach out to you with an update.

Krishna | Amazon Customer Service",Return / Refund
151,1217431,"@AmazonHelp The items were sold by you, amazon. I have No idea where it has been since Monday.",@124142 We'd like to take a better look at this with you. Please reach out to us via phone/chat here: https://t.co/hApLpMlfHN ^KP,Product / Device Support
152,886137,"@AmazonHelp Bonjour, @132988 est le transporteur en charge de ma livraison","@330413 Je suis désolé, avez-vous signalé cela à notre SAV?
^YL",Account / Contact Support
153,696667,"@AmazonHelp Hello good day! What do i do when i have purchased a Playstation card from https://t.co/W1O0LBlHTU and when i go to redeem the code. It gives me the error code ""The code you have entered is inactive. Please check terms and conditions.""
I put in everything correctly.","@286224 Hi Paige, sorry to hear that. Can I ask which Amazon site you ordered the card from (.com / .co.uk / etc)?^TI",Product / Device Support
154,2910409,@AmazonHelp Ordered three.  Got 2.5 https://t.co/1tk93QkCYf,@180290 This is not what we expect! I'm sorry you received an incomplete set. We'd like to help you review available options here: https://t.co/3EJduWuar8 ^FD,Product / Device Support
155,697293,@AmazonHelp Tracking ID : 211176371119. I need my package by today guys. I cnt take leaves everyday!! it has been 2 consecutive days &amp; ds z ur service!!,"@179072 Please don't provide your order details, we consider it to be personal information. Our page is visible to the public. (2/2) ^VR",Damaged / Defective Product
156,137094,Hey @119625 there’s something wrong with the app. Any idea what’s the issue? @115850 @AmazonHelp https://t.co/zTecPyxFK9,@146915 Kindly connect with our support team here: https://t.co/eSItkOtvNd and we'll get this checked for you. ^PB,Return / Refund
157,1125057,@AmazonHelp so book is showing up in Amazon UK.FR. and apparently everywhere else in the world except for https://t.co/fXVhYeFdKv. 🙁,@385283 Have you received any additional information from the CreateSpace team yet? ^SW,Return / Refund
158,2161872,@AmazonHelp ATMでのお支払いなのですが、詳しく教えて貰えますか？,"@634824 ATMでのお支払方法についてはこちらのヘルプページの「ATMで支払う」をご参照ください。Pay-easy（ペイジー）ロゴがあるATMでお支払いいただけます。
https://t.co/N1feN5IjK3 ET https://t.co/ozr4E8MJdP",Delivery Date / Shipping
159,2905079,@AmazonHelp The order was placed on Friday 24th with next day delivery. Originally scheduled for Monday 27th.,@804496 What is the tracking information showing currently? You can find that here:  https://t.co/aaDyEz1VgE,Return / Refund
160,508132,"@236664 @AmazonHelp I ordered something three different items at three different times and they said “tried to deliver, business was closed....” Ummmm, no asshat ~ that “business” is a hotel!","@249440 I'm sorry to hear about the delivery trouble. If you are currently waiting on an order, we'd like to help! Have you received an updated delivery date for the orders? ^MB",Delivery Date / Shipping
161,2383254,"@AmazonHelp Today is third day of lodging complaint with you @amazonhelp and @93197 but non of you have contacted till today neither you nor bata, You said your executive will call me, I didn't get any call till now, Plz plz arrange replacement of my formal shoes urgently I can't wait",@687014 I understand your concern. Could you please confirm sharing your details through the secure link provided earlier? ^AP,Late / Missing Delivery
162,105185,@AmazonHelp I have not,"@138648 Without sharing personal account details, can you tell us a bit more about what happened? ^VS",Late / Missing Delivery
163,2535312,"@AmazonHelp This is my order id
406-5463694-0932351 your none of the executive are helpful","@721324 I'm sorry about the experience you had with our support team. Kindly drop in your details here: https://t.co/beaaDm0muc and we'll help. Also, please don't provide your order details, as we consider them to be personal info. Our page is visible to the public. ^GK",Order Tracking / Status
164,643767,"@272838 @AmazonHelp Al details shard 6 days ago. stil no solution/refund/sensible reply from @115850
https://t.co/zaG0GpFCGV  @115851 what the hell is this","@317123 If you have filed in the details in the link provided by 'PS', you'll receive a correspondence from our team.(1/2)^SF",Late / Missing Delivery
165,1651537,"@AmazonHelp Yes, I was able to see xperia z option yesterday, can u help is this?",@504351 Kindly refer the link: https://t.co/Lxmi5Fdk9D for more information. (2/2) ^MO,Late / Missing Delivery
166,1157260,@AmazonHelp Your apps consistently fail. I have to reset often. It’s right next to the router.  Just tired of it.,@202707 Can you tell us more about what happens when they fail and which apps are failing? We'd like to help. ^KH,Return / Refund
167,1620623,"@AmazonHelp Done. Filled one online feedback form and shared the photos.
Please do the needful.","@151409 We are confident, our support team will do the needful. Do keep us posted for further support. ^CB",Damaged / Defective Product
168,2917225,"@115821 @amazonhelp
Received a $10 gift offer to download Amazon App by email but never got the gift promise. It seems unethical business practices and lie.","@807453 I'm sorry you never received the offer! We'd like to look into this with you, can you please reach out to us by phone at this link here: https://t.co/hApLpMlfHN ^VS",Product / Device Support
169,1405334,@AmazonHelp non car je n'ai pas trouvé le lien vers votre sav,"@446711 Vous pouvez contacter notre SAV en cliquant sur le lien suivant : https://t.co/qzuu0dgDXz
^MD",Account / Contact Support
170,854372,@AmazonHelp Cancel my order. You guys failed to understand the urgency of the situation. I don't need it anymore. I'll order it on Flipkart.,"@322920 I get you disappointment, Priyansh. You must have received an email correspondence from the social media team.  1/2 ^NK",Return / Refund
171,62134,@AmazonHelp pero ya se retiro el dinero del banco,"@130233 Grafo, aparte del correo de confirmación, recuerda que puedes verificar tu pedido en la sección de pedidos de tu cuenta, por favor utiliza este enlace: https://t.co/Agd9XY4LHC
^CB",Return / Refund
172,914158,@AmazonHelp I have received many correspondences. each one telling to wait 24hrs. but now it hasbeen 1month.please do something instead of passing buck.,@337086 I get your concern. Please reply to the email from social media specialist for further help. ^HA,Return / Refund
173,493285,@AmazonHelp Shin Chan SEASON 1.,@232603 Thank you for bringing this to our notice. I'll be sure to pass this on internally to the concerned team for rectification. ^GD,Return / Refund
174,2500780,"@AmazonHelp A ver, al transportista no le ha salido de las narices venir y ha puesto que no habia nadie en casa. No hay más vuelta de hoja. https://t.co/vr2SAVOfps","@713393 ¿Has reportado tu problema con @132703? Si no recibes respuesta, no dudes en contactarnos de nuevo. ^CR",Delivery Date / Shipping
175,2893172,"@AmazonHelp I have and am awaiting a now day late shipment that is still uselessly marked as ""Out for delivery"" in Brantford (I'm in London).  Is it possible to not have this delivery company for my orders? Paying for Prime to receive lower quality service is a joke.","@801896 When you spoke with us, what was advised regarding this order? Did we offer to contact the courier with you for more information? ^LB",Late / Missing Delivery
176,969794,@AmazonHelp I am still at a loss to understand what Amazon is doing. I was promised delivery yesterday! And now it is cancelled??,"@350165 Kindly check the latest correspondence we sent to your registered account and respond to it, we'll reach out to you soon. ^MA",Delivery Date / Shipping
177,2663781,@AmazonHelp No it says I have no orders what so ever even though I’ve already got things ordered and then this order that you guys messed up,@750624 Okay thanks for checking- Can you contact us directly regarding this via: https://t.co/JzP7hlA23B ^NV,Order Tracking / Status
178,2171411,@AmazonHelp Got reply that it's delivered but checked with family members too..We have not received package #badcustomercare,"@636750 Sorry for the trouble with the delivery. We'd like to have a closer look, kindly drop in your details 1/2 ^EM",Order Tracking / Status
179,2622444,@AmazonHelp Have already done and waiting for your action. But I required it urgently and will be out of station for 20 days. I was about to gift it to someone.. all plan flushed in ..,"@740898 Apologies for the unpleasant experience. We certainly did not expect this to happen. However, please be assured that our team will get back to you with a resolution at the earliest. Also, I've noted this as a feedback and forwarded it internally for a review. ^BV",Order Tracking / Status
180,354636,"@117634 my mother has an account on .com.br vs me on a .com, will family sharing library work? Thanks @115821 @AmazonHelp",@200294 I'm sorry for any frustration. This will not work. Amazon digital content can only be shared with another in the same country. ^BT,Late / Missing Delivery
181,1387249,"@AmazonHelp Hello,

I observed that my book ""Business Idea Blueprint"" is listed on other Amazon stores but it's not available on https://t.co/wgrHYcsv5Q.
What is the cause and what can be done to change the situation?","@442785 Thanks for reaching out! If you have a moment, please use this link: https://t.co/1Q4mVFIH3f to contact our Amazon Author Central Team, to discuss available option with you. ^LH",Order Tracking / Status
182,1337173,@AmazonHelp I already did.I need updates.,"@431896 Thank you for keeping us posted, Rashmi. We will get back to you at the earliest. ^KS",Delivery Date / Shipping
183,1544553,"@AmazonHelp 
Very disappointing",@478415 Hello! Please make sure to check your DMs response for your original request for assistance. ^RM,Delivery Date / Shipping
184,497280,@AmazonHelp The original arrival date was Nov. 29th and here is the latest tracking update. I really appreciate you all over at Amazon! 🙌🏻 https://t.co/XB2UohmWeX,"@233671 It looks like she is in transit and not lost--just taking her time to reach you. Hopefully, she will arrive safely and soon. Of course, if we've missed our Prime promise, you can reach out to us here for options: https://t.co/hApLpMlfHN  Please keep us posted.  ^SE",Return / Refund
185,1120049,@AmazonHelp i want my order to be delivered today 7989265357 my amazon registered number,@383919 Did we happen to miss the estimated delivery date on your order? (1/2)^SF,Product / Device Support
186,2652275,@AmazonHelp I have already replied to each mail sent by you but I have not received any satisfactory reply from your team.,@485649 Kindly reply your concern to the email that you received from our Social Media Team and we'll get back to you with a resolution. ^AU,Product / Device Support
187,1550773,@AmazonHelp Thank you.I did not ask for sensingan email .Why are you saying this on day of delivery.nd your call centre people ask me to place new order,@479948 We've responded to your query via DM. Kindly check. ^PS,Product / Device Support
188,2771749,@AmazonHelp Dommage merci pour votre réactivité... si vous avez des infos sur le black friday français ça serait cool,"@774776 La Black Friday Week, c'est maintenant et jusqu'au vendredi 24 novembre 2017 ; vous avez la possibilité de voir les offres en cours et suivre les offres à venir en cliquant sur la case dédiée dans le lien suivant : https://t.co/Db6jkVAXma. ^ASZ",Damaged / Defective Product
189,2722588,@120533 @AmazonHelp  Y a pas un bug là ? Sinon va falloir être très rapide ! https://t.co/lBmydYTjZm,"@763799 Bonjour Gregory, l'avez-vous signalé à notre SAV ? ^SM",Damaged / Defective Product
190,450699,@AmazonHelp thank you for your help thus far - I haven't heard anything back yet. Is there a phone number I can call?,"@221860 Did you click the link provided by my colleague ^SK? If you have done so and sent us your details, please check your email inbox and spam folders to see if a reply has been received.^BZ",Return / Refund
191,353278,"@AmazonHelp I think it may be UPS, but idk. I don’t even know if it ever shipped!",@199982 We'd like to check that for you. Get in touch here: https://t.co/hApLpMlfHN and we'll be happy to help. ^RS,Return / Refund
192,1153707,@AmazonHelp hi it's me again in the conformation email it said my package should arrive from Oct 16-20 but it's still not here??,@391445 I'm sorry it hasn't arrived yet. Who is the carrier and what does the latest tracking update show: https://t.co/3CmPtTUmsi? ^MB,Delivery Date / Shipping
193,1739075,@AmazonHelp Absolutely  disgusted at how this situation has been handled .,"@524872 I'm so sorry for the poor experience, Lauren. Please give feedback via the e-mail survey so leadership can look into it.^WJ",Delivery Date / Shipping
194,1041213,@115850 Seriously?? Headphone purchased from @115850 stopped working in few weeks. @AmazonHelp told seller will replace but nothing happened,@322918 I'm sorry to know about that. Please reach out to us here: https://t.co/vlvfJr4nN9 we'd like to help. ^SG,Late / Missing Delivery
195,871103,@AmazonHelp Don't understand sorry. What do you mean?,"@276620 My apologies! When you chatted with us, what options or insight did we give you for your order? ^DW",Late / Missing Delivery
196,191590,@AmazonHelp Amazon.de,@161033 We already sent you a direct message. ^SK,Late / Missing Delivery
197,314390,@AmazonHelp Plz return my money @115850 fraud. U cheated with me plz return my money.,"@144968 The resolution provided in the email is the best we could offer. Further, we won't be able to provide any insight or action on this matter. ^PS",Order Tracking / Status
198,1880445,@AmazonHelp I’ve emailed the seller and no reply,"@561217 Once e-mailed, the seller will reply to you within 48 business hours. Keep us posted. ^AX",Late / Missing Delivery
199,1255432,@AmazonHelp @AmazonHelp @115830 thanks for this delivery but can you please confirm when I'll get the vr headset to play it with?! #nostock https://t.co/bUMXcmkGK8,"@414365 Hey Malcolm! Happy to hear your order has arrived! 😝 Have you placed an order for the VR headset already, and the estimated delivery date is showing as unknown or currently unavailable? Let me know! ^JC",Damaged / Defective Product
200,629478,"@AmazonHelp olar, minha coleção de mangá da sailor moon chegou, mas suja e com defeito na capa de alguns volumes :(","@269124 Oi Lais, sinto muito pelo acontecido com seu pedido, já verificou nossa política de devoluções? https://t.co/AzDXHl68Na ^VL",Product / Device Support
